country,total_count,premium_count,premium_to_total_ratio
USA,13960,4769,0.34162
Canada,3546,1149,0.32403
UK,3482,1119,0.32137
Australia,1702,516,0.30317
Ukraine,5252,1388,0.26428
Germany,7058,1620,0.22953
